iso3,month,dengue_total
AFG,2022-01,75.0
AFG,2022-02,0.0
AFG,2022-03,0.0
AFG,2022-04,0.0
AFG,2022-05,0.0
AFG,2022-06,13.0
AFG,2022-07,51.0
AFG,2022-08,24.0
AFG,2022-09,60.0
AFG,2022-10,468.0
AFG,2022-11,440.0
AFG,2022-12,210.0
AFG,2024-01,260.0
AFG,2024-02,196.0
AFG,2024-03,157.0
AFG,2024-04,122.0
AFG,2024-05,241.0
AFG,2024-06,157.0
AFG,2024-07,397.0
AFG,2024-08,551.0
AFG,2024-09,450.0
AFG,2024-10,1197.0
AFG,2024-11,837.0
AFG,2024-12,285.0
AFG,2025-01,71.0
AFG,2025-02,26.0
AFG,2025-03,18.0
AGO,2024-01,0.0
AGO,2024-02,0.0
AGO,2024-03,0.0
AGO,2024-04,0.0
AGO,2024-05,6.0
AGO,2024-06,0.0
AGO,2024-07,12.0
AGO,2024-08,53.0
AGO,2024-09,7.0
AGO,2024-10,3.0
AGO,2024-11,2.0
AGO,2024-12,3.0
AGO,2025-02,60.0
AUS,1995-01,2.0
AUS,1995-02,3.0
AUS,1995-03,2.0
AUS,1995-04,5.0
AUS,1995-05,2.0
AUS,1995-06,3.0
AUS,1995-07,4.0
AUS,1995-08,2.0
AUS,1995-09,4.0
AUS,1995-10,4.0
AUS,1995-11,2.0
AUS,1995-12,6.0
AUS,1996-01,8.0
AUS,1996-02,3.0
AUS,1996-03,2.0
AUS,1996-04,4.0
AUS,1996-05,1.0
AUS,1996-06,0.0
AUS,1996-07,4.0
AUS,1996-08,0.0
AUS,1996-09,3.0
AUS,1996-10,10.0
AUS,1996-11,4.0
AUS,1996-12,84.0
AUS,1998-01,51.0
AUS,1998-02,91.0
AUS,1998-03,46.0
AUS,1998-04,33.0
AUS,1998-05,45.0
AUS,1998-06,34.0
AUS,1998-07,18.0
AUS,1998-08,17.0
AUS,1998-09,32.0
AUS,1998-10,77.0
AUS,1998-11,72.0
AUS,1998-12,65.0
AUS,2001-01,9.0
AUS,2001-02,8.0
AUS,2001-03,27.0
AUS,2001-04,16.0
AUS,2001-05,33.0
AUS,2001-06,9.0
AUS,2001-07,26.0
AUS,2001-08,8.0
AUS,2001-09,16.0
AUS,2001-10,8.0
AUS,2001-11,13.0
AUS,2001-12,10.0
AUS,2002-01,24.0
AUS,2002-02,17.0
AUS,2002-03,43.0
AUS,2002-04,30.0
AUS,2002-05,21.0
AUS,2002-06,15.0
AUS,2002-07,15.0
AUS,2002-08,10.0
AUS,2002-09,14.0
AUS,2002-10,11.0
AUS,2002-11,12.0
AUS,2002-12,12.0
AUS,2003-01,28.0
AUS,2003-02,52.0
AUS,2003-03,267.0
AUS,2003-04,145.0
AUS,2003-05,92.0
AUS,2003-06,33.0
AUS,2003-07,19.0
AUS,2003-08,7.0
AUS,2003-09,7.0
AUS,2003-10,53.0
AUS,2003-11,104.0
AUS,2003-12,61.0
AUS,2005-01,12.0
AUS,2005-02,27.0
AUS,2005-03,54.0
AUS,2005-04,12.0
AUS,2005-05,19.0
AUS,2005-06,13.0
AUS,2005-07,16.0
AUS,2005-08,12.0
AUS,2005-09,7.0
AUS,2005-10,13.0
AUS,2005-11,14.0
AUS,2005-12,20.0
AUS,2006-01,23.0
AUS,2006-02,21.0
AUS,2006-03,14.0
AUS,2006-04,14.0
AUS,2006-05,23.0
AUS,2006-06,20.0
AUS,2006-07,19.0
AUS,2006-08,9.0
AUS,2006-09,10.0
AUS,2006-10,13.0
AUS,2006-11,15.0
AUS,2006-12,7.0
AUS,2007-01,29.0
AUS,2007-02,27.0
AUS,2007-03,38.0
AUS,2007-04,43.0
AUS,2007-05,22.0
AUS,2007-06,17.0
AUS,2007-07,24.0
AUS,2007-08,30.0
AUS,2007-09,10.0
AUS,2007-10,24.0
AUS,2007-11,23.0
AUS,2007-12,29.0
AUS,2009-01,344.0
AUS,2009-02,390.0
AUS,2009-03,277.0
AUS,2009-04,103.0
AUS,2009-05,48.0
AUS,2009-06,44.0
AUS,2009-07,32.0
AUS,2009-08,36.0
AUS,2009-09,20.0
AUS,2009-10,29.0
AUS,2009-11,38.0
AUS,2009-12,43.0
AUS,2010-01,48.0
AUS,2010-02,59.0
AUS,2010-03,56.0
AUS,2010-04,70.0
AUS,2010-05,90.0
AUS,2010-06,114.0
AUS,2010-07,142.0
AUS,2010-08,88.0
AUS,2010-09,93.0
AUS,2010-10,146.0
AUS,2010-11,172.0
AUS,2010-12,150.0
AUS,2011-01,163.0
AUS,2011-02,142.0
AUS,2011-03,63.0
AUS,2011-04,45.0
AUS,2011-05,39.0
AUS,2011-06,37.0
AUS,2011-07,49.0
AUS,2011-08,33.0
AUS,2011-09,34.0
AUS,2011-10,35.0
AUS,2011-11,58.0
AUS,2011-12,123.0
AUS,2012-01,263.0
AUS,2012-02,217.0
AUS,2012-03,212.0
AUS,2012-04,185.0
AUS,2012-05,138.0
AUS,2012-06,95.0
AUS,2012-07,72.0
AUS,2012-08,82.0
AUS,2012-09,47.0
AUS,2012-10,81.0
AUS,2012-11,60.0
AUS,2012-12,87.0
AUS,2016-01,237.0
AUS,2016-02,197.0
AUS,2016-03,316.0
AUS,2016-04,305.0
AUS,2016-05,208.0
AUS,2016-06,195.0
AUS,2016-07,195.0
AUS,2016-08,141.0
AUS,2016-09,103.0
AUS,2016-10,122.0
AUS,2016-11,113.0
AUS,2016-12,107.0
AUS,2017-01,189.0
AUS,2017-02,134.0
AUS,2017-03,99.0
AUS,2017-04,90.0
AUS,2017-05,80.0
AUS,2017-06,72.0
AUS,2017-07,90.0
AUS,2017-08,57.0
AUS,2017-09,53.0
AUS,2017-10,119.0
AUS,2017-11,76.0
AUS,2017-12,76.0
AUS,2018-01,156.0
AUS,2018-02,45.0
AUS,2018-03,57.0
AUS,2018-04,50.0
AUS,2018-05,77.0
AUS,2018-06,73.0
AUS,2018-07,86.0
AUS,2018-08,48.0
AUS,2018-09,44.0
AUS,2018-10,104.0
AUS,2018-11,99.0
AUS,2018-12,94.0
AUS,2019-01,158.0
AUS,2019-02,134.0
AUS,2019-03,124.0
AUS,2019-04,139.0
AUS,2019-05,179.0
AUS,2019-06,121.0
AUS,2019-07,151.0
AUS,2019-08,96.0
AUS,2019-09,83.0
AUS,2019-10,103.0
AUS,2019-11,108.0
AUS,2019-12,73.0
AUS,2020-01,73.0
AUS,2020-02,58.0
AUS,2020-03,83.0
AUS,2020-04,6.0
AUS,2020-05,1.0
AUS,2020-06,1.0
AUS,2020-07,1.0
AUS,2020-08,0.0
AUS,2020-09,0.0
AUS,2020-10,0.0
AUS,2020-11,1.0
AUS,2020-12,0.0
AUS,2021-01,0.0
AUS,2021-02,0.0
AUS,2021-03,0.0
AUS,2021-04,1.0
AUS,2021-05,1.0
AUS,2021-06,0.0
AUS,2021-07,1.0
AUS,2021-08,0.0
AUS,2021-09,0.0
AUS,2021-10,3.0
AUS,2021-11,3.0
AUS,2021-12,2.0
AUS,2022-01,3.0
AUS,2022-02,4.0
AUS,2022-03,11.0
AUS,2022-04,14.0
AUS,2022-05,25.0
AUS,2022-06,34.0
AUS,2022-07,51.0
AUS,2022-08,48.0
AUS,2022-09,80.0
AUS,2022-10,122.0
AUS,2022-11,85.0
AUS,2022-12,58.0
AUS,2023-01,82.0
AUS,2023-02,80.0
AUS,2023-03,93.0
AUS,2023-04,82.0
AUS,2023-05,84.0
AUS,2023-06,74.0
AUS,2023-07,106.0
AUS,2023-08,110.0
AUS,2023-09,109.0
AUS,2023-10,92.0
AUS,2023-11,112.0
AUS,2023-12,95.0
AUS,2024-01,132.0
AUS,2024-02,103.0
AUS,2024-03,190.0
AUS,2024-04,346.0
AUS,2024-05,347.0
AUS,2024-06,252.0
AUS,2024-07,211.0
AUS,2024-08,148.0
AUS,2024-09,134.0
AUS,2024-10,172.0
AUS,2024-11,179.0
AUS,2024-12,158.0
AUS,2025-01,269.0
AUS,2025-02,207.0
AUS,2025-03,188.0
AUS,2025-04,17.0
BGD,2010-01,0.0
BGD,2010-02,0.0
BGD,2010-03,0.0
BGD,2010-04,0.0
BGD,2010-05,0.0
BGD,2010-06,0.0
BGD,2010-07,61.0
BGD,2010-08,183.0
BGD,2010-09,120.0
BGD,2010-10,45.0
BGD,2010-11,0.0
BGD,2010-12,0.0
BGD,2011-01,0.0
BGD,2011-02,0.0
BGD,2011-03,0.0
BGD,2011-04,0.0
BGD,2011-05,0.0
BGD,2011-06,61.0
BGD,2011-07,255.0
BGD,2011-08,691.0
BGD,2011-09,193.0
BGD,2011-10,114.0
BGD,2011-11,36.0
BGD,2011-12,9.0
BGD,2012-01,0.0
BGD,2012-02,0.0
BGD,2012-03,0.0
BGD,2012-04,0.0
BGD,2012-05,0.0
BGD,2012-06,16.0
BGD,2012-07,108.0
BGD,2012-08,138.0
BGD,2012-09,262.0
BGD,2012-10,90.0
BGD,2012-11,57.0
BGD,2012-12,0.0
BGD,2013-01,0.0
BGD,2013-02,0.0
BGD,2013-03,0.0
BGD,2013-04,0.0
BGD,2013-05,4.0
BGD,2013-06,44.0
BGD,2013-07,220.0
BGD,2013-08,353.0
BGD,2013-09,495.0
BGD,2013-10,363.0
BGD,2013-11,212.0
BGD,2013-12,58.0
BGD,2014-01,15.0
BGD,2014-02,7.0
BGD,2014-03,2.0
BGD,2014-04,0.0
BGD,2014-05,8.0
BGD,2014-06,9.0
BGD,2014-07,82.0
BGD,2014-08,80.0
BGD,2014-09,76.0
BGD,2014-10,63.0
BGD,2014-11,22.0
BGD,2014-12,11.0
BGD,2015-01,0.0
BGD,2015-02,0.0
BGD,2015-03,2.0
BGD,2015-04,6.0
BGD,2015-05,10.0
BGD,2015-06,28.0
BGD,2015-07,171.0
BGD,2015-08,765.0
BGD,2015-09,965.0
BGD,2015-10,869.0
BGD,2015-11,271.0
BGD,2015-12,75.0
BGD,2016-01,13.0
BGD,2016-02,3.0
BGD,2016-03,17.0
BGD,2016-04,38.0
BGD,2016-05,70.0
BGD,2016-06,254.0
BGD,2016-07,926.0
BGD,2016-08,1451.0
BGD,2016-09,1544.0
BGD,2016-10,1077.0
BGD,2016-11,522.0
BGD,2016-12,145.0
BGD,2017-01,92.0
BGD,2017-02,58.0
BGD,2017-03,36.0
BGD,2017-04,73.0
BGD,2017-05,134.0
BGD,2017-06,267.0
BGD,2017-07,286.0
BGD,2017-08,346.0
BGD,2017-09,430.0
BGD,2017-10,512.0
BGD,2017-11,409.0
BGD,2017-12,126.0
BGD,2018-01,26.0
BGD,2018-02,7.0
BGD,2018-03,19.0
BGD,2018-04,29.0
BGD,2018-05,52.0
BGD,2018-06,295.0
BGD,2018-07,946.0
BGD,2018-08,1796.0
BGD,2018-09,3087.0
BGD,2018-10,2406.0
BGD,2018-11,1192.0
BGD,2018-12,293.0
BGD,2019-01,38.0
BGD,2019-02,18.0
BGD,2019-03,17.0
BGD,2019-04,58.0
BGD,2019-05,193.0
BGD,2019-06,1884.0
BGD,2019-07,16253.0
BGD,2019-08,56236.0
BGD,2019-09,16856.0
BGD,2019-10,8143.0
BGD,2019-11,4011.0
BGD,2019-12,1247.0
BGD,2020-01,199.0
BGD,2020-02,45.0
BGD,2020-03,27.0
BGD,2020-04,25.0
BGD,2020-05,10.0
BGD,2020-06,20.0
BGD,2020-07,23.0
BGD,2020-08,68.0
BGD,2020-09,47.0
BGD,2020-10,164.0
BGD,2020-11,546.0
BGD,2020-12,231.0
BGD,2021-01,32.0
BGD,2021-02,9.0
BGD,2021-03,13.0
BGD,2021-04,3.0
BGD,2021-05,43.0
BGD,2021-06,272.0
BGD,2021-07,2286.0
BGD,2021-08,7698.0
BGD,2021-09,6095.0
BGD,2021-10,4911.0
BGD,2021-11,3423.0
BGD,2021-12,1366.0
BGD,2022-01,110.0
BGD,2022-02,21.0
BGD,2022-03,22.0
BGD,2022-04,21.0
BGD,2022-05,131.0
BGD,2022-06,882.0
BGD,2022-07,1458.0
BGD,2022-08,2832.0
BGD,2022-09,11803.0
BGD,2022-10,19856.0
BGD,2022-11,18979.0
BGD,2022-12,6293.0
BGD,2023-01,504.0
BGD,2023-02,182.0
BGD,2023-03,123.0
BGD,2023-04,136.0
BGD,2023-05,785.0
BGD,2023-06,6986.0
BGD,2023-07,40381.0
BGD,2023-08,81164.0
BGD,2023-09,75986.0
BGD,2023-10,61392.0
BGD,2023-11,46026.0
BGD,2023-12,7473.0
BGD,2024-01,1055.0
BGD,2024-02,339.0
BGD,2024-03,311.0
BGD,2024-04,504.0
BGD,2024-05,644.0
BGD,2024-06,798.0
BGD,2024-07,2669.0
BGD,2024-08,6521.0
BGD,2024-09,18097.0
BGD,2024-10,30879.0
BGD,2024-11,29652.0
BGD,2024-12,9745.0
BGD,2025-01,1161.0
BGD,2025-02,374.0
BGD,2025-03,336.0
BEN,2024-01,3.0
BEN,2024-02,1.0
BEN,2024-03,0.0
BEN,2024-04,0.0
BEN,2024-05,0.0
BEN,2024-06,9.0
BEN,2024-07,11.0
BEN,2024-08,5.0
BEN,2024-09,2.0
BEN,2024-10,5.0
BEN,2024-11,4.0
BEN,2024-12,1.0
BEN,2025-01,0.0
BEN,2025-02,3.0
BEN,2025-03,1.0
BFA,2024-01,6729.0
BFA,2024-02,5067.0
BFA,2024-03,2898.0
BFA,2024-04,2404.0
BFA,2024-05,2708.0
BFA,2024-06,2179.0
BFA,2024-07,3101.0
BFA,2024-08,8745.0
BFA,2024-09,10962.0
BFA,2024-10,19257.0
BFA,2024-11,3987.0
BFA,2024-12,5771.0
BFA,2025-01,4242.0
BFA,2025-02,2543.0
BFA,2025-03,2130.0
KHM,1998-01,510.0
KHM,1998-02,465.0
KHM,1998-03,488.0
KHM,1998-04,470.0
KHM,1998-05,807.0
KHM,1998-06,1887.0
KHM,1998-07,3295.0
KHM,1998-08,4437.0
KHM,1998-09,2533.0
KHM,1998-10,914.0
KHM,1998-11,288.0
KHM,1998-12,154.0
KHM,1999-01,89.0
KHM,1999-02,48.0
KHM,1999-03,52.0
KHM,1999-04,138.0
KHM,1999-05,270.0
KHM,1999-06,341.0
KHM,1999-07,181.0
KHM,1999-08,170.0
KHM,1999-09,73.0
KHM,1999-10,74.0
KHM,1999-11,55.0
KHM,1999-12,39.0
KHM,2000-01,29.0
KHM,2000-02,36.0
KHM,2000-03,63.0
KHM,2000-04,149.0
KHM,2000-05,476.0
KHM,2000-06,750.0
KHM,2000-07,607.0
KHM,2000-08,432.0
KHM,2000-09,249.0
KHM,2000-10,191.0
KHM,2000-11,110.0
KHM,2000-12,56.0
KHM,2001-01,74.0
KHM,2001-02,69.0
KHM,2001-03,158.0
KHM,2001-04,337.0
KHM,2001-05,1082.0
KHM,2001-06,2227.0
KHM,2001-07,1980.0
KHM,2001-08,2203.0
KHM,2001-09,1406.0
KHM,2001-10,697.0
KHM,2001-11,238.0
KHM,2001-12,98.0
KHM,2002-01,103.0
KHM,2002-02,109.0
KHM,2002-03,257.0
KHM,2002-04,277.0
KHM,2002-05,928.0
KHM,2002-06,1669.0
KHM,2002-07,2546.0
KHM,2002-08,2177.0
KHM,2002-09,1754.0
KHM,2002-10,1458.0
KHM,2002-11,656.0
KHM,2002-12,537.0
KHM,2004-01,209.0
KHM,2004-02,162.0
KHM,2004-03,191.0
KHM,2004-04,220.0
KHM,2004-05,773.0
KHM,2004-06,1605.0
KHM,2004-07,2530.0
KHM,2004-08,1731.0
KHM,2004-09,1291.0
KHM,2004-10,714.0
KHM,2004-11,409.0
KHM,2004-12,214.0
KHM,2005-01,162.0
KHM,2005-02,115.0
KHM,2005-03,180.0
KHM,2005-04,195.0
KHM,2005-05,552.0
KHM,2005-06,1083.0
KHM,2005-07,2402.0
KHM,2005-08,1850.0
KHM,2005-09,1162.0
KHM,2005-10,729.0
KHM,2005-11,426.0
KHM,2005-12,186.0
KHM,2008-01,152.0
KHM,2008-02,89.0
KHM,2008-03,145.0
KHM,2008-04,330.0
KHM,2008-05,786.0
KHM,2008-06,1688.0
KHM,2008-07,1594.0
KHM,2008-08,1421.0
KHM,2008-09,1379.0
KHM,2008-10,1167.0
KHM,2008-11,785.0
KHM,2008-12,287.0
KHM,2024-01,1986.0
KHM,2024-02,1594.0
KHM,2024-03,1047.0
KHM,2024-04,724.0
KHM,2024-05,579.0
KHM,2024-06,811.0
KHM,2024-07,1806.0
KHM,2024-08,3525.0
KHM,2024-09,2139.0
KHM,2024-10,2135.0
KHM,2024-11,1464.0
KHM,2024-12,1173.0
CMR,2024-01,2.0
CMR,2024-02,55.0
CMR,2024-03,0.0
CMR,2024-04,0.0
CMR,2024-05,0.0
CMR,2024-06,0.0
CMR,2024-07,0.0
CMR,2024-08,0.0
CMR,2024-09,0.0
CMR,2024-10,0.0
CMR,2024-11,0.0
CMR,2024-12,0.0
CMR,2025-01,0.0
CMR,2025-02,0.0
CMR,2025-03,60.0
CHN,1998-01,0.0
CHN,1998-02,0.0
CHN,1998-03,1.0
CHN,1998-04,0.0
CHN,1998-05,0.0
CHN,1998-06,0.0
CHN,1998-07,1.0
CHN,1998-08,3.0
CHN,1998-09,59.0
CHN,1998-10,373.0
CHN,1998-11,49.0
CHN,1998-12,4.0
CHN,1999-01,1.0
CHN,1999-02,0.0
CHN,1999-03,0.0
CHN,1999-04,0.0
CHN,1999-05,0.0
CHN,1999-06,0.0
CHN,1999-07,38.0
CHN,1999-08,882.0
CHN,1999-09,817.0
CHN,1999-10,115.0
CHN,1999-11,15.0
CHN,1999-12,0.0
CHN,2000-01,0.0
CHN,2000-02,0.0
CHN,2000-03,0.0
CHN,2000-04,0.0
CHN,2000-05,2.0
CHN,2000-06,4.0
CHN,2000-07,0.0
CHN,2000-08,75.0
CHN,2000-09,185.0
CHN,2000-10,95.0
CHN,2000-11,44.0
CHN,2000-12,0.0
CHN,2001-01,0.0
CHN,2001-02,0.0
CHN,2001-03,0.0
CHN,2001-04,0.0
CHN,2001-05,0.0
CHN,2001-06,0.0
CHN,2001-07,2.0
CHN,2001-08,77.0
CHN,2001-09,124.0
CHN,2001-10,141.0
CHN,2001-11,28.0
CHN,2001-12,3.0
CHN,2008-01,3.0
CHN,2008-02,2.0
CHN,2008-03,1.0
CHN,2008-04,12.0
CHN,2008-05,1.0
CHN,2008-06,7.0
CHN,2008-07,7.0
CHN,2008-08,31.0
CHN,2008-09,29.0
CHN,2008-10,73.0
CHN,2008-11,31.0
CHN,2008-12,6.0
CHN,2009-01,7.0
CHN,2009-02,2.0
CHN,2009-03,4.0
CHN,2009-04,0.0
CHN,2009-05,16.0
CHN,2009-06,6.0
CHN,2009-07,4.0
CHN,2009-08,14.0
CHN,2009-09,203.0
CHN,2009-10,34.0
CHN,2009-11,9.0
CHN,2009-12,13.0
CHN,2013-01,0.0
CHN,2013-02,0.0
CHN,2013-03,0.0
CHN,2013-04,0.0
CHN,2013-05,0.0
CHN,2013-06,0.0
CHN,2013-07,0.0
CHN,2013-08,993.0
CHN,2013-09,1490.0
CHN,2013-10,1490.0
CHN,2013-11,1180.0
CHN,2013-12,124.0
CHN,2014-01,0.0
CHN,2014-02,0.0
CHN,2014-03,0.0
CHN,2014-04,0.0
CHN,2014-05,0.0
CHN,2014-06,0.0
CHN,2014-07,0.0
CHN,2014-08,993.0
CHN,2014-09,14720.0
CHN,2014-10,28757.0
CHN,2014-11,2732.0
CHN,2014-12,310.0
CHN,2019-01,198.0
CHN,2019-02,82.0
CHN,2019-03,82.0
CHN,2019-04,148.0
CHN,2019-05,329.0
CHN,2019-06,791.0
CHN,2019-07,1268.0
CHN,2019-08,3294.0
CHN,2019-09,7988.0
CHN,2019-10,6127.0
CHN,2019-11,1746.0
CHN,2019-12,264.0
CHN,2020-01,0.0
CHN,2020-02,0.0
CHN,2020-03,0.0
CHN,2020-04,0.0
CHN,2020-05,0.0
CHN,2020-06,0.0
CHN,2020-07,0.0
CHN,2020-08,65.0
CHN,2020-09,198.0
CHN,2020-10,263.0
CHN,2020-11,32.0
CHN,2020-12,0.0
CHN,2021-01,0.0
CHN,2021-02,0.0
CHN,2021-03,0.0
CHN,2021-04,0.0
CHN,2021-05,0.0
CHN,2021-06,0.0
CHN,2021-07,0.0
CHN,2021-08,0.0
CHN,2021-09,0.0
CHN,2021-10,0.0
CHN,2021-11,0.0
CHN,2021-12,0.0
CHN,2022-01,0.0
CHN,2022-02,0.0
CHN,2022-03,0.0
CHN,2022-04,0.0
CHN,2022-05,0.0
CHN,2022-06,0.0
CHN,2022-07,0.0
CHN,2022-08,0.0
CHN,2022-09,0.0
CHN,2022-10,487.0
CHN,2023-01,1.0
CHN,2023-02,11.0
CHN,2023-03,7.0
CHN,2023-04,9.0
CHN,2023-05,21.0
CHN,2023-06,55.0
CHN,2023-07,1604.0
CHN,2023-08,4198.0
CHN,2023-09,6494.0
CHN,2023-10,5388.0
CHN,2023-11,1685.0
CHN,2023-12,154.0
CHN,2024-01,27.0
CHN,2024-02,42.0
CHN,2024-03,38.0
CHN,2024-04,58.0
CHN,2024-05,109.0
CHN,2024-06,130.0
CHN,2024-07,554.0
CHN,2024-08,1801.0
CHN,2024-09,4845.0
CHN,2024-10,11083.0
CHN,2024-11,5201.0
CHN,2024-12,442.0
CHN,2025-01,49.0
CHN,2025-02,51.0
CUB,2004-01,0.0
CUB,2004-02,0.0
CUB,2004-03,0.0
CUB,2004-04,0.0
CUB,2004-05,0.0
CUB,2004-06,0.0
CUB,2004-07,0.0
CUB,2004-08,0.0
CUB,2004-09,0.0
CUB,2004-10,0.0
CUB,2004-11,0.0
CUB,2004-12,0.0
ERI,2024-01,2583.0
ERI,2024-02,2186.0
ERI,2024-03,1463.0
ERI,2024-04,972.0
ERI,2024-05,568.0
ERI,2024-06,734.0
ERI,2024-07,928.0
ERI,2024-08,1421.0
ERI,2024-09,1867.0
ERI,2024-10,1409.0
ERI,2024-11,540.0
ERI,2024-12,8.0
ERI,2025-02,18.0
ETH,2023-04,1379.0
ETH,2023-05,2721.0
ETH,2023-06,4155.0
ETH,2023-07,1176.0
ETH,2023-08,789.0
ETH,2023-09,640.0
ETH,2023-10,7264.0
ETH,2023-11,5982.0
ETH,2023-12,1833.0
ETH,2024-01,505.0
ETH,2024-02,168.0
ETH,2024-03,150.0
ETH,2024-04,128.0
ETH,2024-05,819.0
ETH,2024-06,630.0
ETH,2024-07,170.0
ETH,2024-08,222.0
ETH,2024-09,229.0
ETH,2024-10,490.0
ETH,2024-11,263.0
ETH,2024-12,242.0
ETH,2025-02,114.0
ETH,2025-03,140.0
FRA,2024-01,0.0
FRA,2024-02,0.0
FRA,2024-03,0.0
FRA,2024-04,0.0
FRA,2024-05,0.0
FRA,2024-06,1.0
FRA,2024-07,1.0
FRA,2024-08,35.0
FRA,2024-09,39.0
FRA,2024-10,9.0
FRA,2024-11,0.0
FRA,2024-12,0.0
FRA,2025-01,0.0
FRA,2025-02,0.0
FRA,2025-03,0.0
GHA,2024-01,1.0
GHA,2024-02,0.0
GHA,2024-03,0.0
GHA,2024-04,0.0
GHA,2024-05,0.0
GHA,2024-06,0.0
GHA,2024-07,932.0
GHA,2024-08,190.0
GHA,2024-09,10.0
GHA,2024-10,21.0
GHA,2024-11,1.0
GHA,2024-12,8.0
GHA,2025-01,0.0
GHA,2025-02,2.0
GHA,2025-03,0.0
IDN,2007-01,20071.0
IDN,2007-02,25848.0
IDN,2007-03,20473.0
IDN,2007-04,17343.0
IDN,2007-05,17221.0
IDN,2007-06,13325.0
IDN,2007-07,10449.0
IDN,2007-08,7470.0
IDN,2007-09,5181.0
IDN,2007-10,5047.0
IDN,2007-11,6893.0
IDN,2007-12,8794.0
IDN,2009-01,18532.0
IDN,2009-02,16545.0
IDN,2009-03,17146.0
IDN,2009-04,16647.0
IDN,2009-05,15654.0
IDN,2009-06,14120.0
IDN,2009-07,13703.0
IDN,2009-08,9826.0
IDN,2009-09,7598.0
IDN,2009-10,8345.0
IDN,2009-11,9850.0
IDN,2009-12,10946.0
IDN,2010-01,22796.0
IDN,2010-02,22490.0
IDN,2010-03,19554.0
IDN,2010-04,16274.0
IDN,2010-05,13364.0
IDN,2010-06,11643.0
IDN,2010-07,10929.0
IDN,2010-08,9615.0
IDN,2010-09,7986.0
IDN,2010-10,8149.0
IDN,2010-11,7705.0
IDN,2010-12,5581.0
IDN,2011-01,8492.0
IDN,2011-02,6602.0
IDN,2011-03,6474.0
IDN,2011-04,4838.0
IDN,2011-05,4811.0
IDN,2011-06,4486.0
IDN,2011-07,4432.0
IDN,2011-08,4372.0
IDN,2011-09,3913.0
IDN,2011-10,4837.0
IDN,2011-11,5725.0
IDN,2011-12,6743.0
IDN,2012-01,11396.0
IDN,2012-02,11074.0
IDN,2012-03,9355.0
IDN,2012-04,7983.0
IDN,2012-05,7999.0
IDN,2012-06,6887.0
IDN,2012-07,6009.0
IDN,2012-08,4460.0
IDN,2012-09,4341.0
IDN,2012-10,5507.0
IDN,2012-11,6750.0
IDN,2012-12,8484.0
IDN,2013-01,17230.0
IDN,2013-02,14070.0
IDN,2013-03,12022.0
IDN,2013-04,11907.0
IDN,2013-05,10871.0
IDN,2013-06,9170.0
IDN,2013-07,8726.0
IDN,2013-08,7173.0
IDN,2013-09,6063.0
IDN,2013-10,5703.0
IDN,2013-11,4870.0
IDN,2013-12,4706.0
IDN,2014-01,9445.0
IDN,2014-02,9410.0
IDN,2014-03,8675.0
IDN,2014-04,9088.0
IDN,2014-05,8896.0
IDN,2014-06,8353.0
IDN,2014-07,7360.0
IDN,2014-08,7604.0
IDN,2014-09,7634.0
IDN,2014-10,8149.0
IDN,2014-11,7877.0
IDN,2014-12,7856.0
IDN,2015-01,21267.0
IDN,2015-02,20164.0
IDN,2015-03,14884.0
IDN,2015-04,13664.0
IDN,2015-05,11796.0
IDN,2015-06,10007.0
IDN,2015-07,7200.0
IDN,2015-08,5501.0
IDN,2015-09,4855.0
IDN,2015-10,5221.0
IDN,2015-11,6803.0
IDN,2015-12,8327.0
IDN,2016-01,29672.0
IDN,2016-02,32117.0
IDN,2016-03,27005.0
IDN,2016-04,24239.0
IDN,2016-05,19075.0
IDN,2016-06,15183.0
IDN,2016-07,12005.0
IDN,2016-08,11342.0
IDN,2016-09,9277.0
IDN,2016-10,8855.0
IDN,2016-11,8669.0
IDN,2016-12,6733.0
IDN,2019-01,27445.0
IDN,2019-02,24018.0
IDN,2019-03,18110.0
IDN,2019-04,13642.0
IDN,2019-05,12556.0
IDN,2019-06,9514.0
IDN,2019-07,7738.0
IDN,2019-08,5386.0
IDN,2019-09,4154.0
IDN,2019-10,4376.0
IDN,2019-11,5425.0
IDN,2019-12,5767.0
IDN,2020-01,15950.0
IDN,2020-02,19693.0
IDN,2020-03,19366.0
IDN,2020-04,13160.0
IDN,2020-05,10725.0
IDN,2020-06,8106.0
IDN,2020-07,6329.0
IDN,2020-08,3833.0
IDN,2020-09,2743.0
IDN,2020-10,2419.0
IDN,2020-11,2963.0
IDN,2020-12,3016.0
IDN,2021-01,4567.0
IDN,2021-02,4472.0
IDN,2021-03,5712.0
IDN,2021-04,6211.0
IDN,2021-05,6677.0
IDN,2021-06,5444.0
IDN,2021-07,3422.0
IDN,2021-08,3414.0
IDN,2021-09,4057.0
IDN,2021-10,6092.0
IDN,2021-11,9899.0
IDN,2021-12,13551.0
IDN,2022-01,20486.0
IDN,2022-02,11849.0
IDN,2022-03,10082.0
IDN,2022-04,10664.0
IDN,2022-05,12470.0
IDN,2022-06,12762.0
IDN,2022-07,13118.0
IDN,2022-08,12348.0
IDN,2022-09,10994.0
IDN,2022-10,10135.0
IDN,2022-11,9423.0
IDN,2022-12,8935.0
IDN,2023-01,12611.0
IDN,2023-02,10862.0
IDN,2023-03,10220.0
IDN,2023-04,8042.0
IDN,2023-05,9447.0
IDN,2023-06,8115.0
IDN,2023-07,8052.0
IDN,2023-08,8719.0
IDN,2023-09,7946.0
IDN,2023-10,8339.0
IDN,2023-11,10082.0
IDN,2023-12,12285.0
IDN,2024-01,27058.0
IDN,2024-02,28886.0
IDN,2024-03,32091.0
IDN,2024-04,29247.0
IDN,2024-05,30115.0
IDN,2024-06,23415.0
IDN,2024-07,17863.0
IDN,2024-08,12297.0
IDN,2024-09,8653.0
IDN,2024-10,1019.0
ITA,2024-01,0.0
ITA,2024-02,0.0
ITA,2024-03,0.0
ITA,2024-04,0.0
ITA,2024-05,0.0
ITA,2024-06,0.0
ITA,2024-07,1.0
ITA,2024-08,23.0
ITA,2024-09,161.0
ITA,2024-10,28.0
ITA,2024-11,0.0
ITA,2024-12,0.0
ITA,2025-01,0.0
ITA,2025-02,0.0
ITA,2025-03,0.0
KEN,2024-01,0.0
KEN,2024-02,0.0
KEN,2024-03,0.0
KEN,2024-04,0.0
KEN,2024-05,149.0
KEN,2024-06,291.0
KEN,2024-07,369.0
KEN,2024-08,631.0
KEN,2024-09,738.0
KEN,2024-10,705.0
KEN,2024-11,856.0
KEN,2024-12,704.0
KEN,2025-01,855.0
KEN,2025-02,673.0
MYS,1995-01,264.0
MYS,1995-02,233.0
MYS,1995-03,244.0
MYS,1995-04,289.0
MYS,1995-05,647.0
MYS,1995-06,756.0
MYS,1995-07,809.0
MYS,1995-08,1021.0
MYS,1995-09,792.0
MYS,1995-10,544.0
MYS,1995-11,533.0
MYS,1995-12,468.0
MYS,2000-01,652.0
MYS,2000-02,647.0
MYS,2000-03,572.0
MYS,2000-04,585.0
MYS,2000-05,658.0
MYS,2000-06,692.0
MYS,2000-07,1083.0
MYS,2000-08,951.0
MYS,2000-09,712.0
MYS,2000-10,670.0
MYS,2000-11,870.0
MYS,2000-12,713.0
MYS,2024-01,18427.0
MYS,2024-02,13954.0
MYS,2024-03,11763.0
MYS,2024-04,8743.0
MYS,2024-05,11742.0
MYS,2024-06,10634.0
MYS,2024-07,12992.0
MYS,2024-08,8317.0
MYS,2024-09,6938.0
MYS,2024-10,7740.0
MYS,2024-11,5699.0
MYS,2024-12,5474.0
MDV,2006-01,320.0
MDV,2006-02,239.0
MDV,2006-03,192.0
MDV,2006-04,236.0
MDV,2006-05,276.0
MDV,2006-06,329.0
MDV,2006-07,207.0
MDV,2006-08,188.0
MDV,2006-09,155.0
MDV,2006-10,206.0
MDV,2006-11,178.0
MDV,2006-12,251.0
MDV,2008-01,109.0
MDV,2008-02,87.0
MDV,2008-03,100.0
MDV,2008-04,154.0
MDV,2008-05,250.0
MDV,2008-06,341.0
MDV,2008-07,212.0
MDV,2008-08,152.0
MDV,2008-09,152.0
MDV,2008-10,78.0
MDV,2008-11,104.0
MDV,2008-12,85.0
MDV,2009-01,111.0
MDV,2009-02,59.0
MDV,2009-03,39.0
MDV,2009-04,53.0
MDV,2009-05,65.0
MDV,2009-06,69.0
MDV,2009-07,110.0
MDV,2009-08,108.0
MDV,2009-09,49.0
MDV,2009-10,65.0
MDV,2009-11,49.0
MDV,2009-12,68.0
MDV,2010-01,65.0
MDV,2010-02,35.0
MDV,2010-03,45.0
MDV,2010-04,54.0
MDV,2010-05,97.0
MDV,2010-06,127.0
MDV,2010-07,136.0
MDV,2010-08,111.0
MDV,2010-09,73.0
MDV,2010-10,64.0
MDV,2010-11,104.0
MDV,2010-12,89.0
MDV,2011-01,209.0
MDV,2011-02,198.0
MDV,2011-03,214.0
MDV,2011-04,227.0
MDV,2011-05,259.0
MDV,2011-06,448.0
MDV,2011-07,700.0
MDV,2011-08,166.0
MDV,2011-09,186.0
MDV,2011-10,155.0
MDV,2011-11,72.0
MDV,2011-12,75.0
MDV,2012-01,80.0
MDV,2012-02,54.0
MDV,2012-03,68.0
MDV,2012-04,89.0
MDV,2012-05,77.0
MDV,2012-06,44.0
MDV,2012-07,165.0
MDV,2012-08,157.0
MDV,2012-09,102.0
MDV,2012-10,98.0
MDV,2012-11,96.0
MDV,2012-12,53.0
MDV,2013-01,74.0
MDV,2013-02,39.0
MDV,2013-03,47.0
MDV,2013-04,26.0
MDV,2013-05,30.0
MDV,2013-06,30.0
MDV,2013-07,98.0
MDV,2013-08,104.0
MDV,2013-09,85.0
MDV,2013-10,85.0
MDV,2013-11,47.0
MDV,2013-12,60.0
MDV,2014-01,84.0
MDV,2014-02,42.0
MDV,2014-03,75.0
MDV,2014-04,97.0
MDV,2014-05,80.0
MDV,2014-06,107.0
MDV,2014-07,91.0
MDV,2014-08,51.0
MDV,2014-09,54.0
MDV,2014-10,59.0
MDV,2014-11,46.0
MDV,2014-12,38.0
MDV,2015-01,70.0
MDV,2015-02,35.0
MDV,2015-03,37.0
MDV,2015-04,39.0
MDV,2015-05,40.0
MDV,2015-06,231.0
MDV,2015-07,454.0
MDV,2015-08,220.0
MDV,2015-09,161.0
MDV,2015-10,216.0
MDV,2015-11,215.0
MDV,2015-12,172.0
MDV,2016-01,126.0
MDV,2016-02,92.0
MDV,2016-03,97.0
MDV,2016-04,168.0
MDV,2016-05,329.0
MDV,2016-06,352.0
MDV,2016-07,306.0
MDV,2016-08,149.0
MDV,2016-09,122.0
MDV,2016-10,106.0
MDV,2016-11,30.0
MDV,2016-12,85.0
MDV,2020-01,70.0
MDV,2020-02,50.0
MDV,2020-03,40.0
MDV,2020-04,14.0
MDV,2020-05,22.0
MDV,2020-06,30.0
MDV,2020-07,29.0
MDV,2020-08,21.0
MDV,2020-09,12.0
MDV,2020-10,8.0
MDV,2020-11,16.0
MDV,2020-12,16.0
MDV,2022-01,21.0
MDV,2022-02,24.0
MDV,2022-03,28.0
MDV,2022-04,95.0
MDV,2022-05,212.0
MDV,2022-06,302.0
MDV,2022-07,361.0
MDV,2022-08,250.0
MDV,2022-09,260.0
MDV,2022-10,660.0
MDV,2022-11,282.0
MDV,2022-12,205.0
MDV,2023-01,238.0
MDV,2023-02,155.0
MDV,2023-03,228.0
MDV,2023-04,330.0
MDV,2023-05,268.0
MDV,2023-06,569.0
MDV,2023-07,304.0
MDV,2023-08,327.0
MDV,2023-09,288.0
MDV,2023-10,306.0
MDV,2023-11,210.0
MDV,2023-12,194.0
MDV,2024-01,139.0
MDV,2024-02,120.0
MDV,2024-03,126.0
MDV,2024-04,256.0
MDV,2024-05,675.0
MDV,2024-06,627.0
MDV,2024-07,440.0
MDV,2024-08,395.0
MDV,2024-09,180.0
MDV,2024-10,127.0
MDV,2024-11,140.0
MDV,2024-12,69.0
MDV,2025-01,74.0
MDV,2025-02,76.0
MDV,2025-03,70.0
MLI,2024-01,576.0
MLI,2024-02,1067.0
MLI,2024-03,1122.0
MLI,2024-04,594.0
MLI,2024-05,1423.0
MLI,2024-06,216.0
MLI,2024-07,421.0
MLI,2024-08,231.0
MLI,2024-09,478.0
MLI,2024-10,1024.0
MLI,2024-11,1772.0
MLI,2024-12,632.0
MLI,2025-01,511.0
MLI,2025-02,453.0
MLI,2025-03,332.0
MRT,2023-01,702.0
MRT,2023-02,285.0
MRT,2023-03,324.0
MRT,2023-04,323.0
MRT,2023-05,295.0
MRT,2023-06,120.0
MRT,2023-07,138.0
MRT,2023-08,164.0
MRT,2023-09,279.0
MRT,2023-10,383.0
MRT,2023-11,407.0
MRT,2023-12,162.0
MRT,2024-01,513.0
MRT,2024-02,407.0
MRT,2024-03,243.0
MRT,2024-04,221.0
MRT,2024-05,135.0
MRT,2024-06,326.0
MRT,2024-07,90.0
MRT,2024-08,382.0
MRT,2024-09,489.0
MRT,2024-10,583.0
MRT,2024-11,170.0
MRT,2024-12,81.0
MRT,2025-01,102.0
MRT,2025-02,66.0
MRT,2025-03,35.0
MUS,2023-12,13.0
MUS,2024-01,231.0
MUS,2024-02,3239.0
MUS,2024-03,2067.0
MUS,2024-04,1633.0
MUS,2024-05,1640.0
MUS,2024-06,314.0
MUS,2024-07,193.0
MUS,2024-08,105.0
MUS,2024-09,207.0
MUS,2024-10,144.0
MUS,2024-11,79.0
MUS,2024-12,65.0
MUS,2025-01,79.0
MUS,2025-02,32.0
MUS,2025-03,145.0
MMR,2024-01,208.0
MMR,2024-02,181.0
MMR,2024-03,176.0
MMR,2024-04,203.0
MMR,2024-05,311.0
MMR,2024-06,574.0
MMR,2024-07,1236.0
MMR,2024-08,1239.0
MMR,2024-09,933.0
MMR,2024-10,690.0
MMR,2024-11,380.0
MMR,2024-12,257.0
MMR,2025-01,172.0
MMR,2025-02,120.0
NPL,2022-01,11.0
NPL,2022-02,3.0
NPL,2022-03,15.0
NPL,2022-04,18.0
NPL,2022-05,25.0
NPL,2022-06,93.0
NPL,2022-07,720.0
NPL,2022-08,3708.0
NPL,2022-09,27529.0
NPL,2022-10,17889.0
NPL,2022-11,4290.0
NPL,2022-12,483.0
NPL,2023-01,133.0
NPL,2023-02,130.0
NPL,2023-03,195.0
NPL,2023-04,158.0
NPL,2023-05,163.0
NPL,2023-06,1026.0
NPL,2023-07,6459.0
NPL,2023-08,14534.0
NPL,2023-09,13912.0
NPL,2023-10,12699.0
NPL,2023-11,2805.0
NPL,2023-12,576.0
NPL,2024-01,499.0
NPL,2024-02,408.0
NPL,2024-03,374.0
NPL,2024-04,463.0
NPL,2024-05,495.0
NPL,2024-06,632.0
NPL,2024-07,1906.0
NPL,2024-08,6493.0
NPL,2024-09,11875.0
NPL,2024-10,12332.0
NPL,2024-11,5544.0
NPL,2024-12,844.0
NPL,2025-01,251.0
NPL,2025-02,245.0
NPL,2025-03,240.0
NCL,2024-01,2.0
NCL,2024-02,6.0
NCL,2024-03,7.0
NCL,2024-04,1.0
NCL,2024-05,1.0
NCL,2024-06,1.0
NCL,2024-07,0.0
NCL,2024-08,0.0
NCL,2024-09,0.0
NCL,2024-10,0.0
NCL,2024-11,0.0
NCL,2024-12,0.0
NIC,2001-01,85.0
NIC,2001-02,116.0
NIC,2001-03,61.0
NIC,2001-04,59.0
NIC,2001-05,66.0
NIC,2001-06,99.0
NIC,2001-07,164.0
NIC,2001-08,253.0
NIC,2001-09,369.0
NIC,2001-10,316.0
NIC,2001-11,573.0
NIC,2001-12,172.0
NIC,2002-01,246.0
NIC,2002-02,122.0
NIC,2002-03,64.0
NIC,2002-04,33.0
NIC,2002-05,50.0
NIC,2002-06,97.0
NIC,2002-07,195.0
NIC,2002-08,275.0
NIC,2002-09,304.0
NIC,2002-10,491.0
NIC,2002-11,342.0
NIC,2002-12,50.0
NIC,2003-01,151.0
NIC,2003-02,90.0
NIC,2003-03,43.0
NIC,2003-04,31.0
NIC,2003-05,34.0
NIC,2003-06,44.0
NIC,2003-07,60.0
NIC,2003-08,189.0
NIC,2003-09,300.0
NIC,2003-10,642.0
NIC,2003-11,753.0
NIC,2003-12,378.0
NER,2024-01,13.0
NER,2024-02,12.0
NER,2024-03,31.0
NER,2024-04,0.0
NER,2024-05,0.0
NER,2024-06,0.0
NER,2024-07,0.0
NER,2024-08,0.0
NER,2024-09,0.0
NER,2024-10,2.0
NER,2024-11,0.0
NER,2024-12,0.0
NER,2025-01,0.0
NER,2025-02,0.0
NER,2025-03,0.0
OMN,2015-01,0.0
OMN,2015-02,0.0
OMN,2015-03,1.0
OMN,2015-04,0.0
OMN,2015-05,1.0
OMN,2015-06,2.0
OMN,2015-07,0.0
OMN,2015-08,3.0
OMN,2015-09,9.0
OMN,2015-10,7.0
OMN,2015-11,7.0
OMN,2015-12,2.0
OMN,2018-01,3.0
OMN,2018-02,1.0
OMN,2018-03,1.0
OMN,2018-04,1.0
OMN,2018-05,2.0
OMN,2018-06,1.0
OMN,2018-07,4.0
OMN,2018-08,4.0
OMN,2018-09,5.0
OMN,2018-10,1.0
OMN,2018-11,5.0
OMN,2018-12,36.0
OMN,2019-01,27.0
OMN,2019-02,4.0
OMN,2019-03,4.0
OMN,2019-04,2.0
OMN,2019-05,4.0
OMN,2019-06,3.0
OMN,2019-07,9.0
OMN,2019-08,3.0
OMN,2019-09,5.0
OMN,2019-10,10.0
OMN,2019-11,20.0
OMN,2019-12,18.0
OMN,2020-01,1.0
OMN,2020-02,1.0
OMN,2020-03,1.0
OMN,2020-04,2.0
OMN,2020-05,78.0
OMN,2020-06,94.0
OMN,2020-07,99.0
OMN,2020-08,4.0
OMN,2020-09,14.0
OMN,2020-10,11.0
OMN,2020-11,4.0
OMN,2020-12,1.0
OMN,2021-01,0.0
OMN,2021-02,0.0
OMN,2021-03,0.0
OMN,2021-04,0.0
OMN,2021-05,1.0
OMN,2021-06,1.0
OMN,2021-07,0.0
OMN,2021-08,0.0
OMN,2021-09,2.0
OMN,2021-10,6.0
OMN,2021-11,6.0
OMN,2021-12,8.0
OMN,2022-01,9.0
OMN,2022-02,8.0
OMN,2022-03,115.0
OMN,2022-04,621.0
OMN,2022-05,338.0
OMN,2022-06,70.0
OMN,2022-07,19.0
OMN,2022-08,28.0
OMN,2022-09,111.0
OMN,2022-10,208.0
OMN,2022-11,267.0
OMN,2022-12,195.0
OMN,2023-01,171.0
OMN,2023-02,94.0
OMN,2023-03,205.0
OMN,2023-04,446.0
OMN,2023-05,924.0
OMN,2023-06,440.0
OMN,2023-07,62.0
OMN,2023-08,49.0
OMN,2023-09,61.0
OMN,2023-10,74.0
OMN,2023-11,94.0
OMN,2023-12,91.0
PAK,2023-06,528.0
PAK,2023-07,960.0
PAK,2023-08,602.0
PAK,2023-09,953.0
PAK,2023-10,1658.0
PAK,2023-11,1397.0
PAK,2023-12,540.0
PAK,2024-01,342.0
PAK,2024-02,374.0
PAK,2024-03,282.0
PAK,2024-04,823.0
PAK,2024-05,7675.0
PAK,2024-06,3252.0
PAK,2024-07,3106.0
PAK,2024-08,6470.0
PAK,2024-09,8986.0
PAK,2024-10,15361.0
PAK,2024-11,7733.0
PAK,2024-12,4029.0
PAK,2025-01,2803.0
PHL,2011-01,10633.0
PHL,2011-02,6755.0
PHL,2011-03,5246.0
PHL,2011-04,3680.0
PHL,2011-05,3733.0
PHL,2011-06,6791.0
PHL,2011-07,15572.0
PHL,2011-08,28573.0
PHL,2011-09,18568.0
PHL,2011-10,9371.0
PHL,2011-11,6476.0
PHL,2011-12,2020.0
SAU,2006-01,75.0
SAU,2006-02,145.0
SAU,2006-03,270.0
SAU,2006-04,302.0
SAU,2006-05,358.0
SAU,2006-06,208.0
SAU,2006-07,54.0
SAU,2006-08,22.0
SAU,2006-09,28.0
SAU,2006-10,25.0
SAU,2006-11,26.0
SAU,2006-12,31.0
SAU,2007-01,27.0
SAU,2007-02,10.0
SAU,2007-03,30.0
SAU,2007-04,43.0
SAU,2007-05,83.0
SAU,2007-06,126.0
SAU,2007-07,61.0
SAU,2007-08,26.0
SAU,2007-09,10.0
SAU,2007-10,3.0
SAU,2007-11,26.0
SAU,2007-12,45.0
SAU,2008-01,47.0
SAU,2008-02,47.0
SAU,2008-03,52.0
SAU,2008-04,83.0
SAU,2008-05,255.0
SAU,2008-06,165.0
SAU,2008-07,138.0
SAU,2008-08,63.0
SAU,2008-09,9.0
SAU,2008-10,7.0
SAU,2008-11,11.0
SAU,2008-12,36.0
SAU,2009-01,72.0
SAU,2009-02,148.0
SAU,2009-03,410.0
SAU,2009-04,745.0
SAU,2009-05,783.0
SAU,2009-06,491.0
SAU,2009-07,401.0
SAU,2009-08,108.0
SAU,2009-09,40.0
SAU,2009-10,60.0
SAU,2009-11,37.0
SAU,2009-12,55.0
SAU,2010-01,87.0
SAU,2010-02,163.0
SAU,2010-03,422.0
SAU,2010-04,926.0
SAU,2010-05,843.0
SAU,2010-06,523.0
SAU,2010-07,236.0
SAU,2010-08,81.0
SAU,2010-09,54.0
SAU,2010-10,69.0
SAU,2010-11,64.0
SAU,2010-12,58.0
SAU,2011-01,68.0
SAU,2011-02,55.0
SAU,2011-03,137.0
SAU,2011-04,337.0
SAU,2011-05,800.0
SAU,2011-06,995.0
SAU,2011-07,417.0
SAU,2011-08,179.0
SAU,2011-09,98.0
SAU,2011-10,57.0
SAU,2011-11,58.0
SAU,2011-12,101.0
SAU,2012-01,97.0
SAU,2012-02,72.0
SAU,2012-03,149.0
SAU,2012-04,142.0
SAU,2012-05,374.0
SAU,2012-06,253.0
SAU,2012-07,178.0
SAU,2012-08,92.0
SAU,2012-09,45.0
SAU,2012-10,37.0
SAU,2012-11,75.0
SAU,2012-12,235.0
SAU,2013-01,636.0
SAU,2013-02,531.0
SAU,2013-03,704.0
SAU,2013-04,919.0
SAU,2013-05,1587.0
SAU,2013-06,879.0
SAU,2013-07,438.0
SAU,2013-08,224.0
SAU,2013-09,148.0
SAU,2013-10,132.0
SAU,2013-11,157.0
SAU,2013-12,157.0
SAU,2014-01,116.0
SAU,2014-02,119.0
SAU,2014-03,192.0
SAU,2014-04,232.0
SAU,2014-05,458.0
SAU,2014-06,361.0
SAU,2014-07,250.0
SAU,2014-08,92.0
SAU,2014-09,49.0
SAU,2014-10,44.0
SAU,2014-11,82.0
SAU,2014-12,86.0
SAU,2015-01,203.0
SAU,2015-02,230.0
SAU,2015-03,304.0
SAU,2015-04,623.0
SAU,2015-05,975.0
SAU,2015-06,819.0
SAU,2015-07,455.0
SAU,2015-08,288.0
SAU,2015-09,76.0
SAU,2015-10,73.0
SAU,2015-11,66.0
SAU,2015-12,200.0
SAU,2016-01,208.0
SAU,2016-02,163.0
SAU,2016-03,329.0
SAU,2016-04,686.0
SAU,2016-05,1395.0
SAU,2016-06,942.0
SAU,2016-07,664.0
SAU,2016-08,220.0
SAU,2016-09,185.0
SAU,2016-10,186.0
SAU,2016-11,185.0
SAU,2016-12,265.0
SAU,2017-01,368.0
SAU,2017-02,307.0
SAU,2017-03,307.0
SAU,2017-04,469.0
SAU,2017-05,650.0
SAU,2017-06,562.0
SAU,2017-07,353.0
SAU,2017-08,86.0
SAU,2017-09,69.0
SAU,2017-10,96.0
SAU,2017-11,79.0
SAU,2017-12,116.0
SAU,2018-01,257.0
SAU,2018-02,248.0
SAU,2018-03,410.0
SAU,2018-04,1349.0
SAU,2018-05,1143.0
SAU,2018-06,973.0
SAU,2018-07,495.0
SAU,2018-08,114.0
SAU,2018-09,118.0
SAU,2018-10,53.0
SAU,2018-11,72.0
SAU,2018-12,113.0
SAU,2019-01,247.0
SAU,2019-02,252.0
SAU,2019-03,142.0
SAU,2019-04,183.0
SAU,2019-05,267.0
SAU,2019-06,247.0
SAU,2019-07,173.0
SAU,2019-08,67.0
SAU,2019-09,77.0
SAU,2019-10,47.0
SAU,2019-11,196.0
SAU,2019-12,330.0
SAU,2020-01,790.0
SAU,2020-02,338.0
SAU,2020-03,233.0
SAU,2020-04,95.0
SAU,2020-05,138.0
SAU,2020-06,297.0
SAU,2020-07,225.0
SAU,2020-08,104.0
SAU,2020-09,25.0
SAU,2020-10,26.0
SAU,2020-11,38.0
SAU,2020-12,66.0
SAU,2021-01,226.0
SAU,2021-02,271.0
SAU,2021-03,426.0
SAU,2021-04,587.0
SAU,2021-05,764.0
SAU,2021-06,479.0
SAU,2021-07,197.0
SAU,2021-08,82.0
SAU,2021-09,38.0
SAU,2021-10,52.0
SAU,2021-11,89.0
SAU,2021-12,210.0
SAU,2023-01,3075.0
SAU,2023-02,3608.0
SAU,2023-03,3139.0
SAU,2023-04,1764.0
SAU,2023-05,824.0
SAU,2023-06,818.0
SAU,2023-07,504.0
SAU,2023-08,211.0
SAU,2023-09,133.0
SAU,2023-10,110.0
SAU,2023-11,198.0
SAU,2023-12,626.0
SAU,2024-01,1504.0
SAU,2024-02,1664.0
SAU,2024-03,1426.0
SAU,2024-04,1075.0
SAU,2024-05,1024.0
SAU,2024-06,857.0
SAU,2024-07,320.0
SAU,2024-08,323.0
SEN,2024-01,57.0
SEN,2024-02,67.0
SEN,2024-03,29.0
SEN,2024-04,16.0
SEN,2024-05,12.0
SEN,2024-06,38.0
SEN,2024-07,115.0
SEN,2024-08,94.0
SEN,2024-09,103.0
SEN,2024-10,226.0
SEN,2024-11,354.0
SEN,2024-12,97.0
SEN,2025-01,92.0
SEN,2025-02,140.0
SEN,2025-03,89.0
SYC,2023-01,419.0
SYC,2023-02,659.0
SYC,2023-03,578.0
SYC,2023-04,292.0
SYC,2023-05,202.0
SYC,2023-06,265.0
SYC,2023-07,260.0
SYC,2023-08,286.0
SYC,2023-09,318.0
SYC,2023-10,458.0
SYC,2023-11,686.0
SYC,2023-12,191.0
SYC,2024-01,268.0
SYC,2024-02,355.0
SYC,2024-03,395.0
SYC,2024-04,360.0
SYC,2024-05,560.0
SYC,2024-06,414.0
SYC,2024-07,231.0
SYC,2025-01,1.0
SYC,2025-02,0.0
SYC,2025-03,0.0
SGP,1993-01,70.0
SGP,1993-02,60.0
SGP,1993-03,25.0
SGP,1993-04,11.0
SGP,1993-05,30.0
SGP,1993-06,59.0
SGP,1993-07,66.0
SGP,1993-08,98.0
SGP,1993-09,151.0
SGP,1993-10,137.0
SGP,1993-11,107.0
SGP,1993-12,133.0
SGP,1994-01,62.0
SGP,1994-02,76.0
SGP,1994-03,87.0
SGP,1994-04,51.0
SGP,1994-05,56.0
SGP,1994-06,96.0
SGP,1994-07,63.0
SGP,1994-08,174.0
SGP,1994-09,202.0
SGP,1994-10,151.0
SGP,1994-11,128.0
SGP,1994-12,93.0
SGP,1995-01,144.0
SGP,1995-02,92.0
SGP,1995-03,140.0
SGP,1995-04,82.0
SGP,1995-05,96.0
SGP,1995-06,131.0
SGP,1995-07,183.0
SGP,1995-08,242.0
SGP,1995-09,237.0
SGP,1995-10,240.0
SGP,1995-11,261.0
SGP,1995-12,160.0
SGP,1997-01,327.0
SGP,1997-02,190.0
SGP,1997-03,158.0
SGP,1997-04,232.0
SGP,1997-05,185.0
SGP,1997-06,461.0
SGP,1997-07,710.0
SGP,1997-08,561.0
SGP,1997-09,390.0
SGP,1997-10,377.0
SGP,1997-11,223.0
SGP,1997-12,486.0
SGP,1999-01,194.0
SGP,1999-02,113.0
SGP,1999-03,119.0
SGP,1999-04,101.0
SGP,1999-05,92.0
SGP,1999-06,89.0
SGP,1999-07,83.0
SGP,1999-08,105.0
SGP,1999-09,131.0
SGP,1999-10,131.0
SGP,1999-11,92.0
SGP,1999-12,105.0
SGP,2000-01,70.0
SGP,2000-02,54.0
SGP,2000-03,32.0
SGP,2000-04,32.0
SGP,2000-05,47.0
SGP,2000-06,56.0
SGP,2000-07,55.0
SGP,2000-08,87.0
SGP,2000-09,63.0
SGP,2000-10,48.0
SGP,2000-11,68.0
SGP,2000-12,61.0
SGP,2001-01,98.0
SGP,2001-02,102.0
SGP,2001-03,144.0
SGP,2001-04,117.0
SGP,2001-05,226.0
SGP,2001-06,209.0
SGP,2001-07,445.0
SGP,2001-08,303.0
SGP,2001-09,276.0
SGP,2001-10,169.0
SGP,2001-11,171.0
SGP,2001-12,119.0
SGP,2009-01,628.0
SGP,2009-02,499.0
SGP,2009-03,324.0
SGP,2009-04,470.0
SGP,2009-05,416.0
SGP,2009-06,391.0
SGP,2009-07,336.0
SGP,2009-08,303.0
SGP,2009-09,267.0
SGP,2009-10,281.0
SGP,2009-11,268.0
SGP,2009-12,340.0
SGP,2010-01,381.0
SGP,2010-02,353.0
SGP,2010-03,358.0
SGP,2010-04,264.0
SGP,2010-05,253.0
SGP,2010-06,509.0
SGP,2010-07,504.0
SGP,2010-08,532.0
SGP,2010-09,797.0
SGP,2010-10,601.0
SGP,2010-11,392.0
SGP,2010-12,448.0
SGP,2024-01,1538.0
SGP,2024-02,2261.0
SGP,2024-03,1367.0
SGP,2024-04,1400.0
SGP,2024-05,1466.0
SGP,2024-06,1224.0
SGP,2024-07,1165.0
SGP,2024-08,1072.0
SGP,2024-09,726.0
SGP,2024-10,615.0
SGP,2024-11,426.0
SGP,2024-12,395.0
SGP,2025-01,486.0
SGP,2025-02,380.0
SGP,2025-03,260.0
ESP,2024-01,0.0
ESP,2024-02,0.0
ESP,2024-03,0.0
ESP,2024-04,0.0
ESP,2024-05,0.0
ESP,2024-06,0.0
ESP,2024-07,0.0
ESP,2024-08,2.0
ESP,2024-09,8.0
ESP,2024-10,0.0
ESP,2024-11,0.0
ESP,2024-12,0.0
ESP,2025-01,0.0
ESP,2025-02,0.0
ESP,2025-03,0.0
LKA,1997-01,100.0
LKA,1997-02,20.0
LKA,1997-03,43.0
LKA,1997-04,22.0
LKA,1997-05,53.0
LKA,1997-06,75.0
LKA,1997-07,97.0
LKA,1997-08,94.0
LKA,1997-09,81.0
LKA,1997-10,79.0
LKA,1997-11,194.0
LKA,1997-12,123.0
LKA,1999-01,95.0
LKA,1999-02,93.0
LKA,1999-03,94.0
LKA,1999-04,64.0
LKA,1999-05,15.0
LKA,1999-06,146.0
LKA,1999-07,155.0
LKA,1999-08,301.0
LKA,1999-09,153.0
LKA,1999-10,171.0
LKA,1999-11,212.0
LKA,1999-12,189.0
LKA,2018-01,7141.0
LKA,2018-02,4365.0
LKA,2018-03,3322.0
LKA,2018-04,2618.0
LKA,2018-05,4550.0
LKA,2018-06,4523.0
LKA,2018-07,6455.0
LKA,2018-08,4293.0
LKA,2018-09,2049.0
LKA,2018-10,1904.0
LKA,2018-11,4537.0
LKA,2018-12,5563.0
LKA,2020-01,14079.0
LKA,2020-02,5258.0
LKA,2020-03,1505.0
LKA,2020-04,552.0
LKA,2020-05,1107.0
LKA,2020-06,2028.0
LKA,2020-07,2021.0
LKA,2020-08,1465.0
LKA,2020-09,1149.0
LKA,2020-10,1001.0
LKA,2020-11,750.0
LKA,2020-12,1317.0
LKA,2021-01,1912.0
LKA,2021-02,2355.0
LKA,2021-03,2124.0
LKA,2021-04,2545.0
LKA,2021-05,1257.0
LKA,2021-06,2663.0
LKA,2021-07,3759.0
LKA,2021-08,1136.0
LKA,2021-09,1623.0
LKA,2021-10,2794.0
LKA,2021-11,4058.0
LKA,2021-12,9894.0
LKA,2022-01,7702.0
LKA,2022-02,2962.0
LKA,2022-03,3040.0
LKA,2022-04,4019.0
LKA,2022-05,6483.0
LKA,2022-06,11218.0
LKA,2022-07,11437.0
LKA,2022-08,6907.0
LKA,2022-09,4527.0
LKA,2022-10,4781.0
LKA,2022-11,5416.0
LKA,2022-12,8197.0
LKA,2023-01,8148.0
LKA,2023-02,6828.0
LKA,2023-03,7330.0
LKA,2023-04,7190.0
LKA,2023-05,8513.0
LKA,2023-06,11539.0
LKA,2023-07,6679.0
LKA,2023-08,5718.0
LKA,2023-09,2397.0
LKA,2023-10,3631.0
LKA,2023-11,9373.0
LKA,2023-12,11313.0
LKA,2024-01,9483.0
LKA,2024-02,7360.0
LKA,2024-03,3199.0
LKA,2024-04,2066.0
LKA,2024-05,2990.0
LKA,2024-06,3144.0
LKA,2024-07,4062.0
LKA,2024-08,932.0
SDN,2023-07,1.0
SDN,2023-08,147.0
SDN,2023-09,1685.0
SDN,2023-10,2680.0
SDN,2023-11,1760.0
SDN,2023-12,1074.0
SDN,2024-01,494.0
SDN,2024-02,446.0
SDN,2024-03,488.0
SDN,2024-04,317.0
SDN,2024-05,184.0
SDN,2024-06,41.0
SDN,2024-07,23.0
SDN,2024-08,25.0
SDN,2024-09,215.0
SDN,2024-10,4091.0
SDN,2024-11,3168.0
SDN,2024-12,1068.0
SDN,2025-01,712.0
SDN,2025-02,811.0
SDN,2025-03,663.0
THA,2009-01,1049.0
THA,2009-02,876.0
THA,2009-03,1037.0
THA,2009-04,1349.0
THA,2009-05,2988.0
THA,2009-06,4060.0
THA,2009-07,3473.0
THA,2009-08,3351.0
THA,2009-09,2164.0
THA,2009-10,1898.0
THA,2009-11,1817.0
THA,2009-12,1132.0
THA,2010-01,1496.0
THA,2010-02,1528.0
THA,2010-03,2020.0
THA,2010-04,1868.0
THA,2010-05,3666.0
THA,2010-06,6631.0
THA,2010-07,10037.0
THA,2010-08,11299.0
THA,2010-09,7463.0
THA,2010-10,3630.0
THA,2010-11,2229.0
THA,2010-12,1282.0
THA,2011-01,1125.0
THA,2011-02,956.0
THA,2011-03,973.0
THA,2011-04,1315.0
THA,2011-05,3501.0
THA,2011-06,5337.0
THA,2011-07,5203.0
THA,2011-08,4352.0
THA,2011-09,2741.0
THA,2011-10,1696.0
THA,2011-11,1615.0
THA,2011-12,945.0
THA,2012-01,857.0
THA,2012-02,938.0
THA,2012-03,1106.0
THA,2012-04,1338.0
THA,2012-05,2412.0
THA,2012-06,4372.0
THA,2012-07,5377.0
THA,2012-08,5080.0
THA,2012-09,4645.0
THA,2012-10,4683.0
THA,2012-11,4938.0
THA,2012-12,3575.0
THA,2013-01,3781.0
THA,2013-02,2918.0
THA,2013-03,3783.0
THA,2013-04,4723.0
THA,2013-05,8784.0
THA,2013-06,16663.0
THA,2013-07,18947.0
THA,2013-08,13555.0
THA,2013-09,6972.0
THA,2013-10,3653.0
THA,2013-11,2574.0
THA,2013-12,1149.0
THA,2014-01,887.0
THA,2014-02,856.0
THA,2014-03,1010.0
THA,2014-04,770.0
THA,2014-05,1436.0
THA,2014-06,2637.0
THA,2014-07,3552.0
THA,2014-08,3365.0
THA,2014-09,2697.0
THA,2014-10,2292.0
THA,2014-11,2237.0
THA,2014-12,1431.0
THA,2015-01,1367.0
THA,2015-02,1160.0
THA,2015-03,1511.0
THA,2015-04,1939.0
THA,2015-05,4645.0
THA,2015-06,7937.0
THA,2015-07,11068.0
THA,2015-08,13461.0
THA,2015-09,12922.0
THA,2015-10,10660.0
THA,2015-11,13731.0
THA,2015-12,6552.0
THA,2016-01,4057.0
THA,2016-02,2505.0
THA,2016-03,2347.0
THA,2016-04,1307.0
THA,2016-05,1230.0
THA,2016-06,2503.0
THA,2016-07,4991.0
THA,2016-08,6676.0
THA,2016-09,5012.0
THA,2016-10,3498.0
THA,2016-11,2627.0
THA,2016-12,1713.0
THA,2017-01,1598.0
THA,2017-02,1229.0
THA,2017-03,1104.0
THA,2017-04,1174.0
THA,2017-05,2230.0
THA,2017-06,4411.0
THA,2017-07,5368.0
THA,2017-08,4812.0
THA,2017-09,3179.0
THA,2017-10,2484.0
THA,2017-11,2512.0
THA,2017-12,1742.0
THA,2018-01,2244.0
THA,2018-02,1996.0
THA,2018-03,2606.0
THA,2018-04,3104.0
THA,2018-05,7291.0
THA,2018-06,13612.0
THA,2018-07,14125.0
THA,2018-08,12420.0
THA,2018-09,9081.0
THA,2018-10,7592.0
THA,2018-11,7256.0
THA,2018-12,5885.0
THA,2019-01,5797.0
THA,2019-02,4984.0
THA,2019-03,5369.0
THA,2019-04,4931.0
THA,2019-05,8350.0
THA,2019-06,18697.0
THA,2019-07,22413.0
THA,2019-08,18209.0
THA,2019-09,14367.0
THA,2019-10,12848.0
THA,2019-11,10418.0
THA,2019-12,4774.0
THA,2020-01,3883.0
THA,2020-02,2787.0
THA,2020-03,2539.0
THA,2020-04,3111.0
THA,2020-05,5805.0
THA,2020-06,9242.0
THA,2020-07,15828.0
THA,2020-08,12527.0
THA,2020-09,7915.0
THA,2020-10,4324.0
THA,2020-11,2967.0
THA,2020-12,1591.0
THA,2021-01,1104.0
THA,2021-02,808.0
THA,2021-03,762.0
THA,2021-04,474.0
THA,2021-05,1089.0
THA,2021-06,1604.0
THA,2021-07,1024.0
THA,2021-08,939.0
THA,2021-09,847.0
THA,2021-10,754.0
THA,2021-11,732.0
THA,2021-12,480.0
THA,2022-01,560.0
THA,2022-02,391.0
THA,2022-03,509.0
THA,2022-04,790.0
THA,2022-05,2293.0
THA,2022-06,6232.0
THA,2022-07,7348.0
THA,2022-08,6543.0
THA,2022-09,5711.0
THA,2022-10,5754.0
THA,2022-11,5972.0
THA,2022-12,4575.0
THA,2023-01,4520.0
THA,2023-02,3312.0
THA,2023-03,3761.0
THA,2023-04,4037.0
THA,2023-05,5601.0
THA,2023-06,13996.0
THA,2023-07,27505.0
THA,2023-08,29155.0
THA,2023-09,20061.0
THA,2023-10,17749.0
THA,2023-11,17462.0
THA,2023-12,12060.0
THA,2024-01,11413.0
THA,2024-02,7123.0
THA,2024-03,5315.0
THA,2024-04,4327.0
THA,2024-05,4968.0
THA,2024-06,7992.0
THA,2024-07,15371.0
THA,2024-08,16119.0
THA,2024-09,11395.0
THA,2024-10,8359.0
THA,2024-11,7006.0
THA,2024-12,5293.0
THA,2025-01,4005.0
THA,2025-02,2269.0
THA,2025-03,2447.0
TGO,2023-09,2.0
TGO,2023-10,12.0
TGO,2023-11,21.0
TGO,2023-12,20.0
TGO,2024-01,0.0
TGO,2024-02,0.0
TGO,2024-03,0.0
TGO,2024-04,0.0
TGO,2024-05,0.0
TGO,2024-06,0.0
TGO,2024-07,0.0
TGO,2024-08,0.0
TGO,2024-09,0.0
TGO,2024-10,0.0
TGO,2024-11,0.0
TGO,2024-12,0.0
TGO,2025-01,0.0
TGO,2025-02,0.0
TGO,2025-03,0.0
